do $$ begin create type public.tag_sensitivity as enum ('low','medium','high'); exception when duplicate_object then null; end $$;
create table public.universes(id uuid primary key,slug text not null unique check(slug~'^[a-z0-9-]+$'),name text not null unique,description text not null default '',icon_key text not null,display_order smallint not null unique check(display_order>0),is_active boolean not null default true,created_at timestamptz not null default now(),updated_at timestamptz not null default now());
create trigger universes_set_updated_at before update on public.universes for each row execute function public.set_updated_at();
alter table public.categories drop constraint categories_display_order_key;
alter table public.categories add column universe_id uuid references public.universes(id) on delete restrict,add column icon_key text;
alter table public.tags add column slug text,add column description text not null default '',add column sensitivity public.tag_sensitivity,add column is_active boolean not null default true,add column is_featured boolean not null default false,add column updated_at timestamptz not null default now();
create trigger tags_set_updated_at before update on public.tags for each row execute function public.set_updated_at();
create table public.category_tags(category_id uuid not null references public.categories(id) on delete cascade,tag_id uuid not null references public.tags(id) on delete cascade,display_order smallint not null check(display_order>0),is_featured boolean not null default false,created_at timestamptz not null default now(),primary key(category_id,tag_id),unique(category_id,display_order));
do $$ declare profiles_before bigint;auth_before bigint;roles_before jsonb;begin
select count(*) into profiles_before from public.profiles;select count(*) into auth_before from auth.users;select jsonb_object_agg(role,total) into roles_before from(select role::text role,count(*) total from public.profiles group by role)x;
delete from public.audit_log where target_type in('question','comment','sponsor_campaign') or action in('moderate_report','create_sponsor_campaign','set_sponsor_campaign_status');delete from public.moderation_actions;delete from public.moderation_cases;delete from public.sponsor_campaigns;delete from public.reports;delete from public.comment_upvotes;delete from public.comments;delete from public.votes;delete from public.question_duplicate_reviews;delete from public.question_follows;delete from public.question_upvotes;delete from public.category_follows;delete from public.interaction_events where question_id is not null or category_id is not null;delete from public.feed_impressions;delete from public.question_metrics_daily;delete from public.question_tags;delete from public.question_options;update public.questions set previous_wave_id=null where previous_wave_id is not null;delete from public.questions;delete from public.question_series;delete from public.categories;delete from public.tags;
insert into public.universes(id,slug,name,description,icon_key,display_order,is_active) values ('536c40a9-f9ee-5d94-85da-64dbe99d64a0'::uuid,'societe-politique-monde','Société, politique & monde','Comprendre la société, les institutions et les grands enjeux du monde.','landmark',1,true),
('2d693158-6966-5e02-8249-8a0327286c6a'::uuid,'travail-argent-vie-materielle','Travail, argent & vie matérielle','Le travail, les ressources et les conditions matérielles du quotidien.','briefcase',2,true),
('5e62e619-2953-56ec-b340-d9cbf1262529'::uuid,'relations-identite-personnelle','Relations & identité personnelle','Les relations, la santé et la construction de soi.','users',3,true),
('3722cfc3-58f4-5343-ba4f-d7fd47564df4'::uuid,'culture-divertissement','Culture & divertissement','Les pratiques culturelles, sportives et ludiques.','sparkles',4,true),
('6e8bee6a-0685-5b39-abf1-5e86c8bc0d55'::uuid,'mode-vie-passions','Mode de vie & passions','Les goûts, loisirs et manières de vivre.','heart',5,true),
('2585ad6c-fad9-5f31-bdec-201d548b5c5f'::uuid,'technologies-medias-innovation','Technologies, médias & innovation','Le numérique, l’information, la science et les innovations.','cpu',6,true),
('29030d7b-7f2c-5543-ae96-8b79fb262a96'::uuid,'mobilite-deplacements','Mobilité & déplacements','Les transports et les façons de se déplacer.','car',7,true);
insert into public.categories(id,universe_id,slug,name,description,icon_key,display_order,is_active) values ('49a240dd-f545-51d9-9b12-2d050598770e'::uuid,'536c40a9-f9ee-5d94-85da-64dbe99d64a0'::uuid,'actualite-societe','Actualité & société','Les faits, débats et transformations qui traversent la société.','newspaper',1,true),
('4211f1a3-4c72-5f9c-99c4-e3e9ba89e6c4'::uuid,'536c40a9-f9ee-5d94-85da-64dbe99d64a0'::uuid,'politique-citoyennete','Politique & citoyenneté','La vie démocratique, les institutions et la participation citoyenne.','vote',2,true),
('9449f5a0-25a4-5caa-ba29-e77963a99b98'::uuid,'536c40a9-f9ee-5d94-85da-64dbe99d64a0'::uuid,'monde-geopolitique','Monde & géopolitique','Les relations internationales et les grands équilibres mondiaux.','globe',3,true),
('a272aa11-3827-5e74-9677-d46fa090e3a5'::uuid,'536c40a9-f9ee-5d94-85da-64dbe99d64a0'::uuid,'droit-justice-securite','Droit, justice & sécurité','Les droits, la justice et les politiques de sécurité.','scale',4,true),
('a946da15-e523-517b-a811-57c104a1dad1'::uuid,'536c40a9-f9ee-5d94-85da-64dbe99d64a0'::uuid,'environnement-climat','Environnement & climat','Le climat, les ressources naturelles et la transition écologique.','leaf',5,true),
('deed7ab4-eef7-58e2-be21-edc39aae1710'::uuid,'536c40a9-f9ee-5d94-85da-64dbe99d64a0'::uuid,'territoire-ville-vie-locale','Territoire, ville & vie locale','Les réalités urbaines, rurales et la vie de proximité.','map',6,true),
('c8c0742e-fd00-5fac-9f92-468fcd6ee0a2'::uuid,'2d693158-6966-5e02-8249-8a0327286c6a'::uuid,'travail-emploi-etudes','Travail, emploi & études','Les parcours scolaires, professionnels et l’organisation du travail.','briefcase',1,true),
('7d2adb5a-aa19-5b90-9ea1-90cd215004e7'::uuid,'2d693158-6966-5e02-8249-8a0327286c6a'::uuid,'entrepreneuriat-business','Entrepreneuriat & business','La création d’activité, l’entreprise et la prise de risque.','chart',2,true),
('413f685c-f39e-5e18-9b5f-43d8014524da'::uuid,'2d693158-6966-5e02-8249-8a0327286c6a'::uuid,'argent-economie-pouvoir-achat','Argent, économie & pouvoir d’achat','Les revenus, l’épargne, les prix et les choix économiques.','wallet',3,true),
('7d274006-f132-5e95-a344-19f5537aba56'::uuid,'2d693158-6966-5e02-8249-8a0327286c6a'::uuid,'consommation-vie-quotidienne','Consommation & vie quotidienne','Les achats, services et arbitrages du quotidien.','shopping-bag',4,true),
('885a5554-413a-5bd7-a34a-6c1ae4fd93d9'::uuid,'2d693158-6966-5e02-8249-8a0327286c6a'::uuid,'logement-maison-immobilier','Logement, maison & immobilier','L’habitat, la location, l’achat et l’aménagement.','home',5,true),
('a890a47f-01ec-59b4-ad2b-e3afed216fde'::uuid,'5e62e619-2953-56ec-b340-d9cbf1262529'::uuid,'relations-amour-sexualite','Relations, amour & sexualité','La vie affective, les rencontres et l’intimité.','heart',1,true),
('7e957bd4-cac2-5bac-ad5a-8fe13053237a'::uuid,'5e62e619-2953-56ec-b340-d9cbf1262529'::uuid,'famille-parentalite-amitie','Famille, parentalité & amitié','Les liens familiaux, amicaux et l’éducation.','users',2,true),
('922f3672-c415-58fa-81d6-1b3413f9e8f5'::uuid,'5e62e619-2953-56ec-b340-d9cbf1262529'::uuid,'sante-physique','Santé physique','La prévention, les soins et la santé du corps.','activity',3,true),
('687ddcce-0e43-55bc-8363-7f9f94395b8f'::uuid,'5e62e619-2953-56ec-b340-d9cbf1262529'::uuid,'sante-mentale-bien-etre','Santé mentale & bien-être','L’équilibre psychologique, les émotions et le bien-être.','brain',4,true),
('06a7a583-6035-572a-b222-616ade8d833b'::uuid,'5e62e619-2953-56ec-b340-d9cbf1262529'::uuid,'mode-beaute-apparence','Mode, beauté & apparence','Le style, l’image de soi et les pratiques esthétiques.','shirt',5,true),
('132deca2-17df-5101-9b53-cf3eaf90a9dd'::uuid,'5e62e619-2953-56ec-b340-d9cbf1262529'::uuid,'spiritualite-religion-philosophie','Spiritualité, religion & philosophie','Les croyances, les valeurs et les visions du monde.','compass',6,true),
('b84946b2-33c3-5f50-a623-e319e599deb2'::uuid,'3722cfc3-58f4-5343-ba4f-d7fd47564df4'::uuid,'sport','Sport','La pratique sportive, les compétitions et leurs cultures.','trophy',1,true),
('c1d9c9ea-6a31-559e-8316-ac429ade1114'::uuid,'3722cfc3-58f4-5343-ba4f-d7fd47564df4'::uuid,'cinema-series-anime','Cinéma, séries & anime','Les œuvres audiovisuelles, leurs usages et leurs communautés.','film',2,true),
('f86be7fe-303e-54ad-b72f-322e5f209bde'::uuid,'3722cfc3-58f4-5343-ba4f-d7fd47564df4'::uuid,'musique','Musique','Les artistes, genres, concerts et pratiques d’écoute.','music',3,true),
('b355ca93-77eb-5c1c-a0f3-2fc03499b281'::uuid,'3722cfc3-58f4-5343-ba4f-d7fd47564df4'::uuid,'livres-bd-culture','Livres, BD & culture','La lecture, les arts et les lieux culturels.','book',4,true),
('2a198569-84b2-5a46-b62b-bd681894b861'::uuid,'3722cfc3-58f4-5343-ba4f-d7fd47564df4'::uuid,'jeux-video','Jeux vidéo','Les jeux, plateformes, usages et communautés vidéoludiques.','gamepad',5,true),
('e0115c87-9e2a-519c-ab0b-1f12d5ab1bf2'::uuid,'6e8bee6a-0685-5b39-abf1-5e86c8bc0d55'::uuid,'cuisine-alimentation','Cuisine & alimentation','Les goûts, recettes et habitudes alimentaires.','utensils',1,true),
('96a337d4-4ae1-55d9-8064-e94fafc65407'::uuid,'6e8bee6a-0685-5b39-abf1-5e86c8bc0d55'::uuid,'voyage-decouverte','Voyage & découverte','Les destinations, mobilités touristiques et manières de voyager.','plane',2,true),
('9cc45b99-4dd5-5a03-970c-914c0f0b2626'::uuid,'6e8bee6a-0685-5b39-abf1-5e86c8bc0d55'::uuid,'animaux','Animaux','Les animaux domestiques, sauvages et leur protection.','paw',3,true),
('86f8e2c1-d507-5ea4-a7cd-184ca03c1c8b'::uuid,'6e8bee6a-0685-5b39-abf1-5e86c8bc0d55'::uuid,'loisirs-passions-creativite','Loisirs, passions & créativité','Les activités personnelles, manuelles et créatives.','palette',4,true),
('b35a5da6-b714-5840-9dc2-28e5165d8494'::uuid,'2585ad6c-fad9-5f31-bdec-201d548b5c5f'::uuid,'technologie-internet-intelligence-artificielle','Technologie, internet & intelligence artificielle','Les outils numériques, l’IA et leurs usages.','cpu',1,true),
('8ca1285b-8eff-5c37-b484-19439109daa5'::uuid,'2585ad6c-fad9-5f31-bdec-201d548b5c5f'::uuid,'medias-reseaux-sociaux-information','Médias, réseaux sociaux & information','La production, circulation et fiabilité de l’information.','radio',2,true),
('df197cc3-c3aa-5e41-b63f-eeaa50f9de68'::uuid,'2585ad6c-fad9-5f31-bdec-201d548b5c5f'::uuid,'science-innovation','Science & innovation','La recherche scientifique et les innovations qui transforment la société.','flask',3,true),
('2e1818f6-da89-5207-9cab-33fe145df79b'::uuid,'29030d7b-7f2c-5543-ae96-8b79fb262a96'::uuid,'automobile-transports-mobilite','Automobile, transports & mobilité','Les véhicules, transports collectifs et déplacements du quotidien.','car',1,true);
insert into public.tags(id,name,slug,normalized_name,description,sensitivity,is_featured,is_active) values ('34b4f2b1-e292-5300-9e61-5854f0c382d2'::uuid,'Femmes','femmes','femmes','','medium'::public.tag_sensitivity,false,true),
('5d4bcb04-85e5-543e-8964-6967587961a6'::uuid,'Hommes','hommes','hommes','','medium'::public.tag_sensitivity,false,true),
('75e47507-8f6c-5d41-88a4-7225cdc79a1f'::uuid,'LGBTQIA Plus','lgbtqia-plus','lgbtqia plus','','high'::public.tag_sensitivity,false,true),
('708cd285-4bf3-5f86-bdce-aac585983160'::uuid,'Jeunes Adultes','jeunes-adultes','jeunes adultes','','medium'::public.tag_sensitivity,false,true),
('95e2669d-8144-54fe-bd30-096a65e65c82'::uuid,'Etudiants','etudiants','etudiants','','low'::public.tag_sensitivity,false,true),
('3bce3e72-c307-5bb9-a7c8-179673f8a4d4'::uuid,'Parents','parents','parents','','medium'::public.tag_sensitivity,false,true),
('f93a69ef-fa1e-5890-a1d4-0e3d524421a4'::uuid,'Seniors','seniors','seniors','','medium'::public.tag_sensitivity,false,true),
('07b356a8-37a0-5bbb-9154-d71c4f9411b0'::uuid,'Celibataires','celibataires','celibataires','','medium'::public.tag_sensitivity,false,true),
('a79708e8-a3e2-582b-a70b-5219d7b52a45'::uuid,'Couples','couples','couples','','medium'::public.tag_sensitivity,false,true),
('47f3d87b-f24f-5281-97fa-7a08dc4f258d'::uuid,'Salaries','salaries','salaries','','low'::public.tag_sensitivity,false,true),
('ba61f8b3-2347-5316-9d7c-ffb48c5f8635'::uuid,'Independants','independants','independants','','low'::public.tag_sensitivity,false,true),
('978a451e-2221-592c-b8b8-838518570db2'::uuid,'Entrepreneurs','entrepreneurs','entrepreneurs','','low'::public.tag_sensitivity,false,true),
('e77b9dd1-ee93-5389-8a10-8adc33ab9456'::uuid,'Demandeurs Emploi','demandeurs-emploi','demandeurs emploi','','medium'::public.tag_sensitivity,false,true),
('6557a723-a518-5cc0-86db-6a438f96f771'::uuid,'Personnes Handicapees','personnes-handicapees','personnes handicapees','','high'::public.tag_sensitivity,false,true),
('27396e09-a83d-5e7a-a574-aa49357ecc67'::uuid,'Aidants','aidants','aidants','','medium'::public.tag_sensitivity,false,true),
('22befbd9-6349-5525-b857-6e4f91e4221c'::uuid,'Amour','amour','amour','','low'::public.tag_sensitivity,false,true),
('4f7bd7ea-c478-5c8d-b043-9567f6c5d617'::uuid,'Couple','couple','couple','','low'::public.tag_sensitivity,false,true),
('55d6f021-676e-5483-9f53-10b5d826fe7f'::uuid,'Rencontre','rencontre','rencontre','','low'::public.tag_sensitivity,false,true),
('fad5f2f8-c4f5-5d97-b052-baa3f889eab3'::uuid,'Mariage','mariage','mariage','','medium'::public.tag_sensitivity,false,true),
('71ced2c6-bdac-59b7-8836-8d02d625214b'::uuid,'Divorce','divorce','divorce','','medium'::public.tag_sensitivity,false,true),
('18cf2916-86e2-593a-99a2-c9f83f991828'::uuid,'Infidelite','infidelite','infidelite','','medium'::public.tag_sensitivity,false,true),
('f72926a7-46bb-5f19-8abb-1e14884c16cf'::uuid,'Jalousie','jalousie','jalousie','','medium'::public.tag_sensitivity,false,true),
('28d6042a-8f91-577d-a035-198838db159c'::uuid,'Sexualite','sexualite','sexualite','','high'::public.tag_sensitivity,false,true),
('a4d69538-4be5-57b0-aca1-4f6cb76155b4'::uuid,'Consentement','consentement','consentement','','high'::public.tag_sensitivity,false,true),
('5b1b4e45-8b41-5449-ad98-d2b9ffed097b'::uuid,'Desir Enfant','desir-enfant','desir enfant','','medium'::public.tag_sensitivity,false,true),
('d9a9cf41-f31b-55fd-9fae-eb2c29f99294'::uuid,'Grossesse','grossesse','grossesse','','high'::public.tag_sensitivity,false,true),
('b94d16b2-dfe1-54c1-a731-ed94057bb61b'::uuid,'Education','education','education','','low'::public.tag_sensitivity,false,true),
('2a113184-67da-502d-8e5a-c21dc6cce7bc'::uuid,'Amitie','amitie','amitie','','low'::public.tag_sensitivity,false,true),
('f1922b63-e6ac-5dce-bd87-8bf7da20ee0f'::uuid,'Famille','famille','famille','','low'::public.tag_sensitivity,false,true),
('26a27632-c00f-5eef-8bba-b028b4231c98'::uuid,'Solitude','solitude','solitude','','low'::public.tag_sensitivity,false,true),
('c6ebcfa8-a0b8-5918-b2d5-bd8c61e5efb1'::uuid,'Deuil','deuil','deuil','','medium'::public.tag_sensitivity,false,true),
('36d04317-f21d-5f62-87df-f1225c40134d'::uuid,'Pardon','pardon','pardon','','low'::public.tag_sensitivity,false,true),
('55bfc5f0-b4da-5965-8f8c-947d0b60b588'::uuid,'Democratie','democratie','democratie','','medium'::public.tag_sensitivity,false,true),
('bda5f17f-e72d-5488-b1db-47e5118087c1'::uuid,'Vote','vote','vote','','medium'::public.tag_sensitivity,false,true),
('71f4f6d2-3960-5258-ba4f-35666cb9daa5'::uuid,'Abstention','abstention','abstention','','medium'::public.tag_sensitivity,false,true),
('32497625-77ad-57c2-9317-f045c15d89e5'::uuid,'Impots','impots','impots','','medium'::public.tag_sensitivity,false,true),
('08bc771c-257d-5f7f-a640-77bbfc311986'::uuid,'Services Publics','services-publics','services publics','','low'::public.tag_sensitivity,false,true),
('c1bbcf15-9ea9-5bd1-b6de-7da7a9bf61d1'::uuid,'Inegalites','inegalites','inegalites','','medium'::public.tag_sensitivity,false,true),
('22bf952a-74db-5873-8912-519a88528bac'::uuid,'Immigration','immigration','immigration','','high'::public.tag_sensitivity,false,true),
('1c7bffa1-2334-53b5-95c3-ebb68f26dacc'::uuid,'Discrimination','discrimination','discrimination','','high'::public.tag_sensitivity,false,true),
('1ed28c37-0715-5c7a-81e3-a971d8001559'::uuid,'Harcelement','harcelement','harcelement','','high'::public.tag_sensitivity,false,true),
('8ec17f11-502a-5f23-8acf-59e81d950438'::uuid,'Liberte Expression','liberte-expression','liberte expression','','medium'::public.tag_sensitivity,false,true),
('35a180cc-0702-5341-ba2f-353688772858'::uuid,'Securite','securite','securite','','medium'::public.tag_sensitivity,false,true),
('d0f636ea-354c-5aa9-8f54-04dbe572c79d'::uuid,'Police','police','police','','medium'::public.tag_sensitivity,false,true),
('9f1f20bd-1e32-5286-853a-3ec755c4964a'::uuid,'Prison','prison','prison','','medium'::public.tag_sensitivity,false,true),
('85e4590b-8524-5665-bd9a-830526d2ae7a'::uuid,'Justice','justice','justice','','medium'::public.tag_sensitivity,false,true),
('6ce21539-49cd-58d3-804f-046279a941a0'::uuid,'Violences','violences','violences','','high'::public.tag_sensitivity,false,true),
('e11ff78b-034a-59cd-b1c2-47f68779bf63'::uuid,'Union Europeenne','union-europeenne','union europeenne','','low'::public.tag_sensitivity,false,true),
('214ee99a-dea2-5ad3-9eed-0732e17f5a02'::uuid,'Guerre','guerre','guerre','','high'::public.tag_sensitivity,false,true),
('b5a37c1d-3076-5c80-a608-e25df7e9782f'::uuid,'Mondialisation','mondialisation','mondialisation','','low'::public.tag_sensitivity,false,true),
('748012d2-7ac0-56a9-8b0a-5db897cef491'::uuid,'Orientation','orientation','orientation','','low'::public.tag_sensitivity,false,true),
('f966944d-0c34-585f-b90c-3aad8c47303c'::uuid,'Diplome','diplome','diplome','','low'::public.tag_sensitivity,false,true),
('b19f6245-9641-5350-a824-b6219878d325'::uuid,'Recrutement','recrutement','recrutement','','low'::public.tag_sensitivity,false,true),
('96d29d7b-bcde-596f-b088-73c4250f2582'::uuid,'Salaire','salaire','salaire','','medium'::public.tag_sensitivity,false,true),
('9854dd51-b668-5b18-b2bc-155fe0c786bb'::uuid,'Management','management','management','','low'::public.tag_sensitivity,false,true),
('b3fc1b4a-76eb-5910-9780-2a5da00a70a4'::uuid,'Teletravail','teletravail','teletravail','','low'::public.tag_sensitivity,false,true),
('e1400228-7c4f-5c57-aa4a-4714f2ded357'::uuid,'Reconversion','reconversion','reconversion','','low'::public.tag_sensitivity,false,true),
('71d4a6dd-3354-5ae8-ad53-ef46ef6d5e4f'::uuid,'Chomage','chomage','chomage','','medium'::public.tag_sensitivity,false,true),
('27d1518f-4771-55ea-b7d2-3ad406981e35'::uuid,'Equilibre Vie Travail','equilibre-vie-travail','equilibre vie travail','','low'::public.tag_sensitivity,false,true),
('65ce6839-56ed-5051-a2a5-e12ffbe04f57'::uuid,'Creation Entreprise','creation-entreprise','creation entreprise','','low'::public.tag_sensitivity,false,true),
('4f161b7a-b1db-5aa3-acb4-2b3baae63c46'::uuid,'Reussite','reussite','reussite','','low'::public.tag_sensitivity,false,true),
('b1e516de-aa99-5a00-a457-65cfad5629b4'::uuid,'Prise De Risque','prise-de-risque','prise de risque','','low'::public.tag_sensitivity,false,true),
('63cff744-c13a-5e52-aae1-094994e54be9'::uuid,'Pouvoir Achat','pouvoir-achat','pouvoir achat','','low'::public.tag_sensitivity,false,true),
('14aad528-6014-5cf4-b907-79cbf510ac91'::uuid,'Epargne','epargne','epargne','','low'::public.tag_sensitivity,false,true),
('a4e703a3-a9c8-5bfa-b04a-1388c2febbb4'::uuid,'Investissement','investissement','investissement','','low'::public.tag_sensitivity,false,true),
('dd114a54-0250-59ae-bc98-8f2aac7cdb3f'::uuid,'Credit','credit','credit','','medium'::public.tag_sensitivity,false,true),
('91565493-2bc2-5908-82bb-2eee04f250e8'::uuid,'Retraite','retraite','retraite','','medium'::public.tag_sensitivity,false,true),
('5ab645a9-a1e0-5a90-817c-66cfb6e82540'::uuid,'Inflation','inflation','inflation','','low'::public.tag_sensitivity,false,true),
('0fa07dab-4365-5871-a3c7-0097c5114c53'::uuid,'Patrimoine','patrimoine','patrimoine','','medium'::public.tag_sensitivity,false,true),
('21df08ae-a17c-5ba1-bf37-56e0f53ca354'::uuid,'Richesse','richesse','richesse','','medium'::public.tag_sensitivity,false,true),
('acf9d7b7-39b1-541d-9ff9-a362f27973db'::uuid,'Publicite','publicite','publicite','','low'::public.tag_sensitivity,false,true),
('5f1630bc-0533-5390-abc4-5ecf29e9135c'::uuid,'Promotions','promotions','promotions','','low'::public.tag_sensitivity,false,true),
('97a3d248-ead4-5137-bbbb-134cb41ae8f4'::uuid,'Abonnements','abonnements','abonnements','','low'::public.tag_sensitivity,false,true),
('b8c97e05-a5e5-5193-ba6d-6e172e654d91'::uuid,'Seconde Main','seconde-main','seconde main','','low'::public.tag_sensitivity,false,true),
('3bc41160-bca4-5cba-ad9e-20c49007d4b1'::uuid,'Achats En Ligne','achats-en-ligne','achats en ligne','','low'::public.tag_sensitivity,false,true),
('e933ac80-83a2-567b-8a14-b8b3e5188fc5'::uuid,'Achat Immobilier','achat-immobilier','achat immobilier','','low'::public.tag_sensitivity,false,true),
('39a37a8c-b4f3-58e2-b659-68f065605e22'::uuid,'Location','location','location','','low'::public.tag_sensitivity,false,true),
('b2d55bfb-b86a-5ea9-8efb-4a48a431445e'::uuid,'Colocation','colocation','colocation','','low'::public.tag_sensitivity,false,true),
('ab073696-8849-5ed8-8952-87f52ce492a5'::uuid,'Renovation','renovation','renovation','','low'::public.tag_sensitivity,false,true),
('e42ff439-1088-50a9-8171-aeb68f659ad8'::uuid,'Voisinage','voisinage','voisinage','','low'::public.tag_sensitivity,false,true),
('73798aa2-8953-5404-be70-0ff5fba55819'::uuid,'Logement Social','logement-social','logement social','','medium'::public.tag_sensitivity,false,true),
('d96dbcbe-5de1-5128-a8dd-f1435cf7ea72'::uuid,'Ruralite','ruralite','ruralite','','low'::public.tag_sensitivity,false,true),
('5e140fb8-8074-506b-b85d-0af954f18a39'::uuid,'Banlieue','banlieue','banlieue','','low'::public.tag_sensitivity,false,true),
('1bf0d852-61b8-562e-9e9d-fb8e83869a62'::uuid,'Grande Ville','grande-ville','grande ville','','low'::public.tag_sensitivity,false,true),
('0ed10393-87bd-5516-905f-f5e6fed5c20b'::uuid,'Petite Ville','petite-ville','petite ville','','low'::public.tag_sensitivity,false,true),
('2a52ecfa-d3a5-53d1-8492-72577bac130f'::uuid,'Vie Locale','vie-locale','vie locale','','low'::public.tag_sensitivity,false,true),
('4b98f38b-90ef-5a0a-898d-32e43ee16f92'::uuid,'Commerces Proximite','commerces-proximite','commerces proximite','','low'::public.tag_sensitivity,false,true),
('fc803eb2-6dbb-5536-bc05-54b2fa349d36'::uuid,'Sommeil','sommeil','sommeil','','medium'::public.tag_sensitivity,false,true),
('d6970509-c85d-5454-8fa5-b7da800c1bab'::uuid,'Alimentation','alimentation','alimentation','','low'::public.tag_sensitivity,false,true),
('242df8db-ac6e-534a-a83c-457ba7ef148d'::uuid,'Sport Sante','sport-sante','sport sante','','low'::public.tag_sensitivity,false,true),
('832fc4d7-bd16-50a3-8630-d21688eb99d4'::uuid,'Prevention','prevention','prevention','','low'::public.tag_sensitivity,false,true),
('5e7b117d-8bfd-539c-b913-890093486331'::uuid,'Medecins','medecins','medecins','','medium'::public.tag_sensitivity,false,true),
('1d0b6811-67e0-5a7a-af84-1768a5ce5dea'::uuid,'Hopital','hopital','hopital','','medium'::public.tag_sensitivity,false,true),
('bdefbcdb-cc10-5c28-9237-1119d1affcad'::uuid,'Maladie','maladie','maladie','','high'::public.tag_sensitivity,false,true),
('26904f52-5a08-5f4c-a186-a32050d066d8'::uuid,'Handicap','handicap','handicap','','high'::public.tag_sensitivity,false,true),
('214e86d2-f358-5f76-9091-745d744783f4'::uuid,'Vaccination','vaccination','vaccination','','high'::public.tag_sensitivity,false,true),
('33e72346-2230-5963-a4fb-97827960b8b9'::uuid,'Anxiete','anxiete','anxiete','','high'::public.tag_sensitivity,false,true),
('59e56374-34b0-5dc2-a86e-c776d38601ed'::uuid,'Stress','stress','stress','','medium'::public.tag_sensitivity,false,true),
('92f7f079-6bb4-571c-baf1-3b98ff633566'::uuid,'Therapie','therapie','therapie','','high'::public.tag_sensitivity,false,true),
('838cc036-013c-525f-ae2b-b926ff5aa0ec'::uuid,'Depression','depression','depression','','high'::public.tag_sensitivity,false,true),
('b6beddc3-3881-5e6e-afae-ec011bce1fea'::uuid,'Confiance En Soi','confiance-en-soi','confiance en soi','','low'::public.tag_sensitivity,false,true),
('29dc9ee7-0efb-5b9d-ad74-774162d86053'::uuid,'Charge Mentale','charge-mentale','charge mentale','','medium'::public.tag_sensitivity,false,true),
('053a134a-5da2-5205-b696-203900482b48'::uuid,'Addiction','addiction','addiction','','high'::public.tag_sensitivity,false,true),
('db3b5cbd-9d12-58c1-9a76-faa8ae7c7f44'::uuid,'Alcool','alcool','alcool','','high'::public.tag_sensitivity,false,true),
('7a452314-f6eb-5eef-a48d-37b7ecdad743'::uuid,'Drogues','drogues','drogues','','high'::public.tag_sensitivity,false,true),
('5fb5a16a-63a5-55ed-9460-f57b2e7bc6ca'::uuid,'Ecrans','ecrans','ecrans','','low'::public.tag_sensitivity,false,true),
('91025ed0-622f-5cdf-9042-3bcba3a00723'::uuid,'Climat','climat','climat','','low'::public.tag_sensitivity,false,true),
('bd21a63b-b3a2-5525-8eda-1af94b06475b'::uuid,'Ecologie','ecologie','ecologie','','low'::public.tag_sensitivity,false,true),
('7f87b3c9-bd95-5273-98c8-8c9ef717858b'::uuid,'Pollution','pollution','pollution','','low'::public.tag_sensitivity,false,true),
('50eaf915-68ff-5c3c-baa3-1388eefebe7f'::uuid,'Energie','energie','energie','','low'::public.tag_sensitivity,false,true),
('0dd7a80b-9ffd-5cac-81fc-82b537bab305'::uuid,'Nucleaire','nucleaire','nucleaire','','medium'::public.tag_sensitivity,false,true),
('5148c415-6e85-5f2a-8cdc-a5b9943f44de'::uuid,'Biodiversite','biodiversite','biodiversite','','low'::public.tag_sensitivity,false,true),
('6cdf436a-3652-5b0a-9f0f-30a818f67be1'::uuid,'Dechets','dechets','dechets','','low'::public.tag_sensitivity,false,true),
('b01bc1b3-6b10-554e-9a95-561c2daa99b4'::uuid,'Consommation Responsable','consommation-responsable','consommation responsable','','low'::public.tag_sensitivity,false,true),
('cbf5413f-45f8-5690-bcfe-1a56f3d8867b'::uuid,'Agriculture','agriculture','agriculture','','low'::public.tag_sensitivity,false,true),
('2637ad84-3b33-5b3b-940f-1f18a1b6d7fb'::uuid,'Football','football','football','','low'::public.tag_sensitivity,false,true),
('77869fe5-d09b-5742-ba06-0e06e073f57e'::uuid,'Formule 1','formule-1','formule 1','','low'::public.tag_sensitivity,false,true),
('dbafb4bf-f2ad-5d25-b122-b41666472b9c'::uuid,'Jeux Olympiques','jeux-olympiques','jeux olympiques','','low'::public.tag_sensitivity,false,true),
('0594a3a6-ae80-5b3f-9514-fd391ac20d69'::uuid,'Sport Feminin','sport-feminin','sport feminin','','low'::public.tag_sensitivity,false,true),
('29054123-1d14-5437-8033-b26ca660a2f3'::uuid,'Dopage','dopage','dopage','','medium'::public.tag_sensitivity,false,true),
('3d26bfda-0809-516b-81de-11c497295246'::uuid,'Cinema Francais','cinema-francais','cinema francais','','low'::public.tag_sensitivity,false,true),
('701ae029-e3fe-5b8c-8be7-4fb0242c061c'::uuid,'Streaming','streaming','streaming','','low'::public.tag_sensitivity,false,true),
('d25478ee-dd10-5688-b006-901313efbd79'::uuid,'Anime','anime','anime','','low'::public.tag_sensitivity,false,true),
('07e7d028-d836-53b6-a469-51d4f487acc3'::uuid,'Manga','manga','manga','','low'::public.tag_sensitivity,false,true),
('49326c18-b63b-5a61-9239-fa7eb3cbd46b'::uuid,'Spoilers','spoilers','spoilers','','low'::public.tag_sensitivity,false,true),
('96921caf-2f43-5362-bdfa-a3146f897ba7'::uuid,'Rap','rap','rap','','low'::public.tag_sensitivity,false,true),
('f40664bf-70e0-563e-acae-58e1ce076aa1'::uuid,'Pop','pop','pop','','low'::public.tag_sensitivity,false,true),
('be482941-f75d-5419-80ff-631caa8e9d1a'::uuid,'Rock','rock','rock','','low'::public.tag_sensitivity,false,true),
('d6ea0a84-ee56-5667-b1af-1aaa6415f893'::uuid,'K Pop','k-pop','k pop','','low'::public.tag_sensitivity,false,true),
('c36488d5-a314-5e7b-bf2d-c31d83461b5c'::uuid,'Concerts','concerts','concerts','','low'::public.tag_sensitivity,false,true),
('db5ff309-9f3f-5379-8af0-1aa1be5c7896'::uuid,'Livres','livres','livres','','low'::public.tag_sensitivity,false,true),
('22848aa1-b7ac-5e00-a9f8-e7872118a800'::uuid,'Bandes Dessinees','bandes-dessinees','bandes dessinees','','low'::public.tag_sensitivity,false,true),
('092ac164-9131-5e38-a067-411e612219a7'::uuid,'Musees','musees','musees','','low'::public.tag_sensitivity,false,true),
('4bc0ad4c-85af-59de-884c-c9569e6b2a91'::uuid,'Jeux En Ligne','jeux-en-ligne','jeux en ligne','','low'::public.tag_sensitivity,false,true),
('6a9fb9cd-dfdd-52e9-81c8-29f344c4246b'::uuid,'Esport','esport','esport','','low'::public.tag_sensitivity,false,true),
('902fca5c-a942-59a8-9e5a-30046d4e5313'::uuid,'Jeux Mobiles','jeux-mobiles','jeux mobiles','','low'::public.tag_sensitivity,false,true),
('1c2bec7d-feba-5663-b7d7-171e99c94bd8'::uuid,'Cuisine Maison','cuisine-maison','cuisine maison','','low'::public.tag_sensitivity,false,true),
('304b1451-aeaa-5d56-9fa7-041712ff20c3'::uuid,'Restaurant','restaurant','restaurant','','low'::public.tag_sensitivity,false,true),
('ff3171e8-a59a-50e6-9086-da21ad7f7d3c'::uuid,'Livraison','livraison','livraison','','low'::public.tag_sensitivity,false,true),
('374ab48c-ba3e-547f-9b18-261111389af6'::uuid,'Vegetarisme','vegetarisme','vegetarisme','','low'::public.tag_sensitivity,false,true),
('e7b1c203-7fdd-5672-b57c-558d026b2a4a'::uuid,'Viande','viande','viande','','low'::public.tag_sensitivity,false,true),
('f9c4c70d-fb97-5138-ac81-b47f432b321d'::uuid,'Gaspillage Alimentaire','gaspillage-alimentaire','gaspillage alimentaire','','low'::public.tag_sensitivity,false,true),
('de6c9390-22da-5295-ba3c-8dd020c0d275'::uuid,'Produits Locaux','produits-locaux','produits locaux','','low'::public.tag_sensitivity,false,true),
('bafba33f-fadc-53a3-8cf8-37be8f104624'::uuid,'Voyage Solo','voyage-solo','voyage solo','','low'::public.tag_sensitivity,false,true),
('ef0119e0-b454-5ca3-9083-c198e273a44f'::uuid,'Voyage Couple','voyage-couple','voyage couple','','low'::public.tag_sensitivity,false,true),
('bc2c246c-0dd6-593a-8da8-5ccf73366114'::uuid,'Expatriation','expatriation','expatriation','','low'::public.tag_sensitivity,false,true),
('3449127f-5d9b-5685-8095-e0edca3dcb51'::uuid,'Tourisme','tourisme','tourisme','','low'::public.tag_sensitivity,false,true),
('e059c24d-1ce8-566c-b17d-0d2c258f5fa5'::uuid,'Avion','avion','avion','','low'::public.tag_sensitivity,false,true),
('f47be42f-77a7-5267-a81e-40e4f84d4417'::uuid,'Chiens','chiens','chiens','','low'::public.tag_sensitivity,false,true),
('338213c7-65c5-524e-a431-4258cdd840af'::uuid,'Chats','chats','chats','','low'::public.tag_sensitivity,false,true),
('e514929a-e664-59a1-8589-69b749d6ae51'::uuid,'Adoption','adoption','adoption','','low'::public.tag_sensitivity,false,true),
('f5364977-aa20-53e6-92b2-3dc4e77496da'::uuid,'Elevage','elevage','elevage','','low'::public.tag_sensitivity,false,true),
('cad7f2bd-75d8-5018-a5d4-b6fad2c41abc'::uuid,'Protection Animale','protection-animale','protection animale','','low'::public.tag_sensitivity,false,true),
('63de40ab-6f2c-574b-8234-06c732eb0a21'::uuid,'Chasse','chasse','chasse','','low'::public.tag_sensitivity,false,true),
('fe98510a-5785-5ffc-91b5-b512422d7ab9'::uuid,'Zoos','zoos','zoos','','low'::public.tag_sensitivity,false,true),
('6d4ec116-b0dd-50f4-9b65-e77af10146ca'::uuid,'Intelligence Artificielle','intelligence-artificielle','intelligence artificielle','','low'::public.tag_sensitivity,false,true),
('7dda3e10-a0cf-5ef7-a594-cdc716feea9b'::uuid,'Smartphone','smartphone','smartphone','','low'::public.tag_sensitivity,false,true),
('10a29bde-bace-5d55-b9d0-420fa7e98d72'::uuid,'Apple','apple','apple','','low'::public.tag_sensitivity,false,true),
('2cc02681-8b03-5bef-be80-540ef2ddad96'::uuid,'Android','android','android','','low'::public.tag_sensitivity,false,true),
('15ea08cc-46b8-5ba3-a1d9-86a16ae66d47'::uuid,'Vie Privee','vie-privee','vie privee','','medium'::public.tag_sensitivity,false,true),
('fdf6229d-4102-578f-b6bb-3ffa641f1acf'::uuid,'Cybersecurite','cybersecurite','cybersecurite','','medium'::public.tag_sensitivity,false,true),
('9ff1f889-c8e8-5a0c-a9d8-be1283c64db6'::uuid,'Objets Connectes','objets-connectes','objets connectes','','low'::public.tag_sensitivity,false,true),
('d8acc327-2237-5083-ba17-976980cf6fc9'::uuid,'Automatisation','automatisation','automatisation','','low'::public.tag_sensitivity,false,true),
('4991db92-38d3-5f18-9f88-46a1b38d5cb7'::uuid,'Reseaux Sociaux','reseaux-sociaux','reseaux sociaux','','low'::public.tag_sensitivity,false,true),
('5b421a53-052c-5280-bc1d-14fbde6c9607'::uuid,'Influenceurs','influenceurs','influenceurs','','low'::public.tag_sensitivity,false,true),
('d247c9b0-9c5f-5319-9835-6d7395eb42b0'::uuid,'Fake News','fake-news','fake news','','medium'::public.tag_sensitivity,false,true),
('d291a892-642a-54b4-9b44-c4c29ebc03f8'::uuid,'Television','television','television','','low'::public.tag_sensitivity,false,true),
('8be21915-fd6d-5fed-b55c-f455bc7bbe11'::uuid,'Journalisme','journalisme','journalisme','','low'::public.tag_sensitivity,false,true),
('07d7461a-15ed-5249-be55-0db79c06f212'::uuid,'Algorithmes','algorithmes','algorithmes','','low'::public.tag_sensitivity,false,true),
('99d9fe43-1bd6-56ba-b771-9e70b536ea21'::uuid,'Robotique','robotique','robotique','','low'::public.tag_sensitivity,false,true),
('330bb51c-9c93-5e52-960b-b06a92c37c7e'::uuid,'Espace','espace','espace','','low'::public.tag_sensitivity,false,true),
('3bb34889-0a83-5068-9029-031329c8e9fa'::uuid,'Genetique','genetique','genetique','','high'::public.tag_sensitivity,false,true),
('45165c8d-d0df-5679-a89d-af330ab98227'::uuid,'Recherche Medicale','recherche-medicale','recherche medicale','','high'::public.tag_sensitivity,false,true),
('d7b5c844-4cf0-59e6-ba8c-e384bb8cf654'::uuid,'Voiture','voiture','voiture','','low'::public.tag_sensitivity,false,true),
('9361d6a0-5460-5129-a404-0e24c0eb2bb8'::uuid,'Moto','moto','moto','','low'::public.tag_sensitivity,false,true),
('b78f973e-d597-5ae9-ab47-b613f9d8be99'::uuid,'Permis','permis','permis','','low'::public.tag_sensitivity,false,true),
('30b13609-153a-5d62-93dc-fd4dc4e04221'::uuid,'Vitesse','vitesse','vitesse','','low'::public.tag_sensitivity,false,true),
('701248d4-b6ea-5c6a-80ff-16cbd139fc80'::uuid,'Voiture Electrique','voiture-electrique','voiture electrique','','low'::public.tag_sensitivity,false,true),
('3da08b5a-6955-540e-a0e5-3f8e953b207b'::uuid,'Transports En Commun','transports-en-commun','transports en commun','','low'::public.tag_sensitivity,false,true),
('561f2c42-e0a6-5f91-8071-8701329321d5'::uuid,'Velo','velo','velo','','low'::public.tag_sensitivity,false,true),
('41e68c2b-6009-52c1-beb4-55f908e87f8f'::uuid,'Trottinette','trottinette','trottinette','','low'::public.tag_sensitivity,false,true),
('702d593b-39c7-51ee-9d13-d4151552ff99'::uuid,'Covoiturage','covoiturage','covoiturage','','low'::public.tag_sensitivity,false,true),
('c32a1784-45c8-5bf4-8b1d-f36fb723209c'::uuid,'Stationnement','stationnement','stationnement','','low'::public.tag_sensitivity,false,true);
insert into public.category_tags(category_id,tag_id,display_order,is_featured) values ('49a240dd-f545-51d9-9b12-2d050598770e'::uuid,'08bc771c-257d-5f7f-a640-77bbfc311986'::uuid,1,true),
('49a240dd-f545-51d9-9b12-2d050598770e'::uuid,'c1bbcf15-9ea9-5bd1-b6de-7da7a9bf61d1'::uuid,2,true),
('49a240dd-f545-51d9-9b12-2d050598770e'::uuid,'22bf952a-74db-5873-8912-519a88528bac'::uuid,3,true),
('49a240dd-f545-51d9-9b12-2d050598770e'::uuid,'1c7bffa1-2334-53b5-95c3-ebb68f26dacc'::uuid,4,false),
('49a240dd-f545-51d9-9b12-2d050598770e'::uuid,'1ed28c37-0715-5c7a-81e3-a971d8001559'::uuid,5,false),
('49a240dd-f545-51d9-9b12-2d050598770e'::uuid,'8ec17f11-502a-5f23-8acf-59e81d950438'::uuid,6,false),
('49a240dd-f545-51d9-9b12-2d050598770e'::uuid,'6ce21539-49cd-58d3-804f-046279a941a0'::uuid,7,false),
('49a240dd-f545-51d9-9b12-2d050598770e'::uuid,'b5a37c1d-3076-5c80-a608-e25df7e9782f'::uuid,8,false),
('4211f1a3-4c72-5f9c-99c4-e3e9ba89e6c4'::uuid,'55bfc5f0-b4da-5965-8f8c-947d0b60b588'::uuid,1,true),
('4211f1a3-4c72-5f9c-99c4-e3e9ba89e6c4'::uuid,'bda5f17f-e72d-5488-b1db-47e5118087c1'::uuid,2,true),
('4211f1a3-4c72-5f9c-99c4-e3e9ba89e6c4'::uuid,'71f4f6d2-3960-5258-ba4f-35666cb9daa5'::uuid,3,true),
('4211f1a3-4c72-5f9c-99c4-e3e9ba89e6c4'::uuid,'32497625-77ad-57c2-9317-f045c15d89e5'::uuid,4,false),
('4211f1a3-4c72-5f9c-99c4-e3e9ba89e6c4'::uuid,'08bc771c-257d-5f7f-a640-77bbfc311986'::uuid,5,false),
('4211f1a3-4c72-5f9c-99c4-e3e9ba89e6c4'::uuid,'8ec17f11-502a-5f23-8acf-59e81d950438'::uuid,6,false),
('4211f1a3-4c72-5f9c-99c4-e3e9ba89e6c4'::uuid,'e11ff78b-034a-59cd-b1c2-47f68779bf63'::uuid,7,false),
('9449f5a0-25a4-5caa-ba29-e77963a99b98'::uuid,'22bf952a-74db-5873-8912-519a88528bac'::uuid,1,true),
('9449f5a0-25a4-5caa-ba29-e77963a99b98'::uuid,'e11ff78b-034a-59cd-b1c2-47f68779bf63'::uuid,2,true),
('9449f5a0-25a4-5caa-ba29-e77963a99b98'::uuid,'214ee99a-dea2-5ad3-9eed-0732e17f5a02'::uuid,3,true),
('9449f5a0-25a4-5caa-ba29-e77963a99b98'::uuid,'b5a37c1d-3076-5c80-a608-e25df7e9782f'::uuid,4,false),
('9449f5a0-25a4-5caa-ba29-e77963a99b98'::uuid,'91025ed0-622f-5cdf-9042-3bcba3a00723'::uuid,5,false),
('9449f5a0-25a4-5caa-ba29-e77963a99b98'::uuid,'50eaf915-68ff-5c3c-baa3-1388eefebe7f'::uuid,6,false),
('a272aa11-3827-5e74-9677-d46fa090e3a5'::uuid,'35a180cc-0702-5341-ba2f-353688772858'::uuid,1,true),
('a272aa11-3827-5e74-9677-d46fa090e3a5'::uuid,'d0f636ea-354c-5aa9-8f54-04dbe572c79d'::uuid,2,true),
('a272aa11-3827-5e74-9677-d46fa090e3a5'::uuid,'9f1f20bd-1e32-5286-853a-3ec755c4964a'::uuid,3,true),
('a272aa11-3827-5e74-9677-d46fa090e3a5'::uuid,'85e4590b-8524-5665-bd9a-830526d2ae7a'::uuid,4,false),
('a272aa11-3827-5e74-9677-d46fa090e3a5'::uuid,'6ce21539-49cd-58d3-804f-046279a941a0'::uuid,5,false),
('a272aa11-3827-5e74-9677-d46fa090e3a5'::uuid,'1ed28c37-0715-5c7a-81e3-a971d8001559'::uuid,6,false),
('a272aa11-3827-5e74-9677-d46fa090e3a5'::uuid,'8ec17f11-502a-5f23-8acf-59e81d950438'::uuid,7,false),
('a946da15-e523-517b-a811-57c104a1dad1'::uuid,'91025ed0-622f-5cdf-9042-3bcba3a00723'::uuid,1,true),
('a946da15-e523-517b-a811-57c104a1dad1'::uuid,'bd21a63b-b3a2-5525-8eda-1af94b06475b'::uuid,2,true),
('a946da15-e523-517b-a811-57c104a1dad1'::uuid,'7f87b3c9-bd95-5273-98c8-8c9ef717858b'::uuid,3,true),
('a946da15-e523-517b-a811-57c104a1dad1'::uuid,'50eaf915-68ff-5c3c-baa3-1388eefebe7f'::uuid,4,false),
('a946da15-e523-517b-a811-57c104a1dad1'::uuid,'0dd7a80b-9ffd-5cac-81fc-82b537bab305'::uuid,5,false),
('a946da15-e523-517b-a811-57c104a1dad1'::uuid,'5148c415-6e85-5f2a-8cdc-a5b9943f44de'::uuid,6,false),
('a946da15-e523-517b-a811-57c104a1dad1'::uuid,'6cdf436a-3652-5b0a-9f0f-30a818f67be1'::uuid,7,false),
('a946da15-e523-517b-a811-57c104a1dad1'::uuid,'b01bc1b3-6b10-554e-9a95-561c2daa99b4'::uuid,8,false),
('a946da15-e523-517b-a811-57c104a1dad1'::uuid,'cbf5413f-45f8-5690-bcfe-1a56f3d8867b'::uuid,9,false),
('deed7ab4-eef7-58e2-be21-edc39aae1710'::uuid,'d96dbcbe-5de1-5128-a8dd-f1435cf7ea72'::uuid,1,true),
('deed7ab4-eef7-58e2-be21-edc39aae1710'::uuid,'5e140fb8-8074-506b-b85d-0af954f18a39'::uuid,2,true),
('deed7ab4-eef7-58e2-be21-edc39aae1710'::uuid,'1bf0d852-61b8-562e-9e9d-fb8e83869a62'::uuid,3,true),
('deed7ab4-eef7-58e2-be21-edc39aae1710'::uuid,'0ed10393-87bd-5516-905f-f5e6fed5c20b'::uuid,4,false),
('deed7ab4-eef7-58e2-be21-edc39aae1710'::uuid,'2a52ecfa-d3a5-53d1-8492-72577bac130f'::uuid,5,false),
('deed7ab4-eef7-58e2-be21-edc39aae1710'::uuid,'4b98f38b-90ef-5a0a-898d-32e43ee16f92'::uuid,6,false),
('deed7ab4-eef7-58e2-be21-edc39aae1710'::uuid,'e42ff439-1088-50a9-8171-aeb68f659ad8'::uuid,7,false),
('deed7ab4-eef7-58e2-be21-edc39aae1710'::uuid,'08bc771c-257d-5f7f-a640-77bbfc311986'::uuid,8,false),
('c8c0742e-fd00-5fac-9f92-468fcd6ee0a2'::uuid,'95e2669d-8144-54fe-bd30-096a65e65c82'::uuid,1,true),
('c8c0742e-fd00-5fac-9f92-468fcd6ee0a2'::uuid,'47f3d87b-f24f-5281-97fa-7a08dc4f258d'::uuid,2,true),
('c8c0742e-fd00-5fac-9f92-468fcd6ee0a2'::uuid,'e77b9dd1-ee93-5389-8a10-8adc33ab9456'::uuid,3,true),
('c8c0742e-fd00-5fac-9f92-468fcd6ee0a2'::uuid,'748012d2-7ac0-56a9-8b0a-5db897cef491'::uuid,4,false),
('c8c0742e-fd00-5fac-9f92-468fcd6ee0a2'::uuid,'f966944d-0c34-585f-b90c-3aad8c47303c'::uuid,5,false),
('c8c0742e-fd00-5fac-9f92-468fcd6ee0a2'::uuid,'b19f6245-9641-5350-a824-b6219878d325'::uuid,6,false),
('c8c0742e-fd00-5fac-9f92-468fcd6ee0a2'::uuid,'96d29d7b-bcde-596f-b088-73c4250f2582'::uuid,7,false),
('c8c0742e-fd00-5fac-9f92-468fcd6ee0a2'::uuid,'9854dd51-b668-5b18-b2bc-155fe0c786bb'::uuid,8,false),
('c8c0742e-fd00-5fac-9f92-468fcd6ee0a2'::uuid,'b3fc1b4a-76eb-5910-9780-2a5da00a70a4'::uuid,9,false),
('c8c0742e-fd00-5fac-9f92-468fcd6ee0a2'::uuid,'e1400228-7c4f-5c57-aa4a-4714f2ded357'::uuid,10,false),
('c8c0742e-fd00-5fac-9f92-468fcd6ee0a2'::uuid,'71d4a6dd-3354-5ae8-ad53-ef46ef6d5e4f'::uuid,11,false),
('c8c0742e-fd00-5fac-9f92-468fcd6ee0a2'::uuid,'27d1518f-4771-55ea-b7d2-3ad406981e35'::uuid,12,false),
('7d2adb5a-aa19-5b90-9ea1-90cd215004e7'::uuid,'ba61f8b3-2347-5316-9d7c-ffb48c5f8635'::uuid,1,true),
('7d2adb5a-aa19-5b90-9ea1-90cd215004e7'::uuid,'978a451e-2221-592c-b8b8-838518570db2'::uuid,2,true),
('7d2adb5a-aa19-5b90-9ea1-90cd215004e7'::uuid,'65ce6839-56ed-5051-a2a5-e12ffbe04f57'::uuid,3,true),
('7d2adb5a-aa19-5b90-9ea1-90cd215004e7'::uuid,'4f161b7a-b1db-5aa3-acb4-2b3baae63c46'::uuid,4,false),
('7d2adb5a-aa19-5b90-9ea1-90cd215004e7'::uuid,'b1e516de-aa99-5a00-a457-65cfad5629b4'::uuid,5,false),
('7d2adb5a-aa19-5b90-9ea1-90cd215004e7'::uuid,'a4e703a3-a9c8-5bfa-b04a-1388c2febbb4'::uuid,6,false),
('7d2adb5a-aa19-5b90-9ea1-90cd215004e7'::uuid,'9854dd51-b668-5b18-b2bc-155fe0c786bb'::uuid,7,false),
('413f685c-f39e-5e18-9b5f-43d8014524da'::uuid,'63cff744-c13a-5e52-aae1-094994e54be9'::uuid,1,true),
('413f685c-f39e-5e18-9b5f-43d8014524da'::uuid,'14aad528-6014-5cf4-b907-79cbf510ac91'::uuid,2,true),
('413f685c-f39e-5e18-9b5f-43d8014524da'::uuid,'a4e703a3-a9c8-5bfa-b04a-1388c2febbb4'::uuid,3,true),
('413f685c-f39e-5e18-9b5f-43d8014524da'::uuid,'dd114a54-0250-59ae-bc98-8f2aac7cdb3f'::uuid,4,false),
('413f685c-f39e-5e18-9b5f-43d8014524da'::uuid,'91565493-2bc2-5908-82bb-2eee04f250e8'::uuid,5,false),
('413f685c-f39e-5e18-9b5f-43d8014524da'::uuid,'5ab645a9-a1e0-5a90-817c-66cfb6e82540'::uuid,6,false),
('413f685c-f39e-5e18-9b5f-43d8014524da'::uuid,'0fa07dab-4365-5871-a3c7-0097c5114c53'::uuid,7,false),
('413f685c-f39e-5e18-9b5f-43d8014524da'::uuid,'21df08ae-a17c-5ba1-bf37-56e0f53ca354'::uuid,8,false),
('413f685c-f39e-5e18-9b5f-43d8014524da'::uuid,'32497625-77ad-57c2-9317-f045c15d89e5'::uuid,9,false),
('413f685c-f39e-5e18-9b5f-43d8014524da'::uuid,'96d29d7b-bcde-596f-b088-73c4250f2582'::uuid,10,false),
('7d274006-f132-5e95-a344-19f5537aba56'::uuid,'acf9d7b7-39b1-541d-9ff9-a362f27973db'::uuid,1,true),
('7d274006-f132-5e95-a344-19f5537aba56'::uuid,'5f1630bc-0533-5390-abc4-5ecf29e9135c'::uuid,2,true),
('7d274006-f132-5e95-a344-19f5537aba56'::uuid,'97a3d248-ead4-5137-bbbb-134cb41ae8f4'::uuid,3,true),
('7d274006-f132-5e95-a344-19f5537aba56'::uuid,'b8c97e05-a5e5-5193-ba6d-6e172e654d91'::uuid,4,false),
('7d274006-f132-5e95-a344-19f5537aba56'::uuid,'3bc41160-bca4-5cba-ad9e-20c49007d4b1'::uuid,5,false),
('7d274006-f132-5e95-a344-19f5537aba56'::uuid,'b01bc1b3-6b10-554e-9a95-561c2daa99b4'::uuid,6,false),
('7d274006-f132-5e95-a344-19f5537aba56'::uuid,'ff3171e8-a59a-50e6-9086-da21ad7f7d3c'::uuid,7,false),
('885a5554-413a-5bd7-a34a-6c1ae4fd93d9'::uuid,'e933ac80-83a2-567b-8a14-b8b3e5188fc5'::uuid,1,true),
('885a5554-413a-5bd7-a34a-6c1ae4fd93d9'::uuid,'39a37a8c-b4f3-58e2-b659-68f065605e22'::uuid,2,true),
('885a5554-413a-5bd7-a34a-6c1ae4fd93d9'::uuid,'b2d55bfb-b86a-5ea9-8efb-4a48a431445e'::uuid,3,true),
('885a5554-413a-5bd7-a34a-6c1ae4fd93d9'::uuid,'ab073696-8849-5ed8-8952-87f52ce492a5'::uuid,4,false),
('885a5554-413a-5bd7-a34a-6c1ae4fd93d9'::uuid,'e42ff439-1088-50a9-8171-aeb68f659ad8'::uuid,5,false),
('885a5554-413a-5bd7-a34a-6c1ae4fd93d9'::uuid,'73798aa2-8953-5404-be70-0ff5fba55819'::uuid,6,false),
('885a5554-413a-5bd7-a34a-6c1ae4fd93d9'::uuid,'0fa07dab-4365-5871-a3c7-0097c5114c53'::uuid,7,false),
('a890a47f-01ec-59b4-ad2b-e3afed216fde'::uuid,'07b356a8-37a0-5bbb-9154-d71c4f9411b0'::uuid,1,true),
('a890a47f-01ec-59b4-ad2b-e3afed216fde'::uuid,'a79708e8-a3e2-582b-a70b-5219d7b52a45'::uuid,2,true),
('a890a47f-01ec-59b4-ad2b-e3afed216fde'::uuid,'22befbd9-6349-5525-b857-6e4f91e4221c'::uuid,3,true),
('a890a47f-01ec-59b4-ad2b-e3afed216fde'::uuid,'4f7bd7ea-c478-5c8d-b043-9567f6c5d617'::uuid,4,false),
('a890a47f-01ec-59b4-ad2b-e3afed216fde'::uuid,'55d6f021-676e-5483-9f53-10b5d826fe7f'::uuid,5,false),
('a890a47f-01ec-59b4-ad2b-e3afed216fde'::uuid,'fad5f2f8-c4f5-5d97-b052-baa3f889eab3'::uuid,6,false),
('a890a47f-01ec-59b4-ad2b-e3afed216fde'::uuid,'71ced2c6-bdac-59b7-8836-8d02d625214b'::uuid,7,false),
('a890a47f-01ec-59b4-ad2b-e3afed216fde'::uuid,'18cf2916-86e2-593a-99a2-c9f83f991828'::uuid,8,false),
('a890a47f-01ec-59b4-ad2b-e3afed216fde'::uuid,'f72926a7-46bb-5f19-8abb-1e14884c16cf'::uuid,9,false),
('a890a47f-01ec-59b4-ad2b-e3afed216fde'::uuid,'28d6042a-8f91-577d-a035-198838db159c'::uuid,10,false),
('a890a47f-01ec-59b4-ad2b-e3afed216fde'::uuid,'a4d69538-4be5-57b0-aca1-4f6cb76155b4'::uuid,11,false),
('a890a47f-01ec-59b4-ad2b-e3afed216fde'::uuid,'5b1b4e45-8b41-5449-ad98-d2b9ffed097b'::uuid,12,false),
('a890a47f-01ec-59b4-ad2b-e3afed216fde'::uuid,'36d04317-f21d-5f62-87df-f1225c40134d'::uuid,13,false),
('a890a47f-01ec-59b4-ad2b-e3afed216fde'::uuid,'75e47507-8f6c-5d41-88a4-7225cdc79a1f'::uuid,14,false),
('7e957bd4-cac2-5bac-ad5a-8fe13053237a'::uuid,'3bce3e72-c307-5bb9-a7c8-179673f8a4d4'::uuid,1,true),
('7e957bd4-cac2-5bac-ad5a-8fe13053237a'::uuid,'27396e09-a83d-5e7a-a574-aa49357ecc67'::uuid,2,true),
('7e957bd4-cac2-5bac-ad5a-8fe13053237a'::uuid,'b94d16b2-dfe1-54c1-a731-ed94057bb61b'::uuid,3,true),
('7e957bd4-cac2-5bac-ad5a-8fe13053237a'::uuid,'2a113184-67da-502d-8e5a-c21dc6cce7bc'::uuid,4,false),
('7e957bd4-cac2-5bac-ad5a-8fe13053237a'::uuid,'f1922b63-e6ac-5dce-bd87-8bf7da20ee0f'::uuid,5,false),
('7e957bd4-cac2-5bac-ad5a-8fe13053237a'::uuid,'26a27632-c00f-5eef-8bba-b028b4231c98'::uuid,6,false),
('7e957bd4-cac2-5bac-ad5a-8fe13053237a'::uuid,'c6ebcfa8-a0b8-5918-b2d5-bd8c61e5efb1'::uuid,7,false),
('7e957bd4-cac2-5bac-ad5a-8fe13053237a'::uuid,'36d04317-f21d-5f62-87df-f1225c40134d'::uuid,8,false),
('7e957bd4-cac2-5bac-ad5a-8fe13053237a'::uuid,'d9a9cf41-f31b-55fd-9fae-eb2c29f99294'::uuid,9,false),
('7e957bd4-cac2-5bac-ad5a-8fe13053237a'::uuid,'5b1b4e45-8b41-5449-ad98-d2b9ffed097b'::uuid,10,false),
('922f3672-c415-58fa-81d6-1b3413f9e8f5'::uuid,'fc803eb2-6dbb-5536-bc05-54b2fa349d36'::uuid,1,true),
('922f3672-c415-58fa-81d6-1b3413f9e8f5'::uuid,'d6970509-c85d-5454-8fa5-b7da800c1bab'::uuid,2,true),
('922f3672-c415-58fa-81d6-1b3413f9e8f5'::uuid,'242df8db-ac6e-534a-a83c-457ba7ef148d'::uuid,3,true),
('922f3672-c415-58fa-81d6-1b3413f9e8f5'::uuid,'832fc4d7-bd16-50a3-8630-d21688eb99d4'::uuid,4,false),
('922f3672-c415-58fa-81d6-1b3413f9e8f5'::uuid,'5e7b117d-8bfd-539c-b913-890093486331'::uuid,5,false),
('922f3672-c415-58fa-81d6-1b3413f9e8f5'::uuid,'1d0b6811-67e0-5a7a-af84-1768a5ce5dea'::uuid,6,false),
('922f3672-c415-58fa-81d6-1b3413f9e8f5'::uuid,'bdefbcdb-cc10-5c28-9237-1119d1affcad'::uuid,7,false),
('922f3672-c415-58fa-81d6-1b3413f9e8f5'::uuid,'26904f52-5a08-5f4c-a186-a32050d066d8'::uuid,8,false),
('922f3672-c415-58fa-81d6-1b3413f9e8f5'::uuid,'214e86d2-f358-5f76-9091-745d744783f4'::uuid,9,false),
('922f3672-c415-58fa-81d6-1b3413f9e8f5'::uuid,'db3b5cbd-9d12-58c1-9a76-faa8ae7c7f44'::uuid,10,false),
('922f3672-c415-58fa-81d6-1b3413f9e8f5'::uuid,'7a452314-f6eb-5eef-a48d-37b7ecdad743'::uuid,11,false),
('687ddcce-0e43-55bc-8363-7f9f94395b8f'::uuid,'33e72346-2230-5963-a4fb-97827960b8b9'::uuid,1,true),
('687ddcce-0e43-55bc-8363-7f9f94395b8f'::uuid,'59e56374-34b0-5dc2-a86e-c776d38601ed'::uuid,2,true),
('687ddcce-0e43-55bc-8363-7f9f94395b8f'::uuid,'92f7f079-6bb4-571c-baf1-3b98ff633566'::uuid,3,true),
('687ddcce-0e43-55bc-8363-7f9f94395b8f'::uuid,'838cc036-013c-525f-ae2b-b926ff5aa0ec'::uuid,4,false),
('687ddcce-0e43-55bc-8363-7f9f94395b8f'::uuid,'b6beddc3-3881-5e6e-afae-ec011bce1fea'::uuid,5,false),
('687ddcce-0e43-55bc-8363-7f9f94395b8f'::uuid,'29dc9ee7-0efb-5b9d-ad74-774162d86053'::uuid,6,false),
('687ddcce-0e43-55bc-8363-7f9f94395b8f'::uuid,'053a134a-5da2-5205-b696-203900482b48'::uuid,7,false),
('687ddcce-0e43-55bc-8363-7f9f94395b8f'::uuid,'26a27632-c00f-5eef-8bba-b028b4231c98'::uuid,8,false),
('687ddcce-0e43-55bc-8363-7f9f94395b8f'::uuid,'c6ebcfa8-a0b8-5918-b2d5-bd8c61e5efb1'::uuid,9,false),
('687ddcce-0e43-55bc-8363-7f9f94395b8f'::uuid,'5fb5a16a-63a5-55ed-9460-f57b2e7bc6ca'::uuid,10,false),
('06a7a583-6035-572a-b222-616ade8d833b'::uuid,'34b4f2b1-e292-5300-9e61-5854f0c382d2'::uuid,1,true),
('06a7a583-6035-572a-b222-616ade8d833b'::uuid,'5d4bcb04-85e5-543e-8964-6967587961a6'::uuid,2,true),
('06a7a583-6035-572a-b222-616ade8d833b'::uuid,'708cd285-4bf3-5f86-bdce-aac585983160'::uuid,3,true),
('06a7a583-6035-572a-b222-616ade8d833b'::uuid,'b6beddc3-3881-5e6e-afae-ec011bce1fea'::uuid,4,false),
('06a7a583-6035-572a-b222-616ade8d833b'::uuid,'acf9d7b7-39b1-541d-9ff9-a362f27973db'::uuid,5,false),
('06a7a583-6035-572a-b222-616ade8d833b'::uuid,'4991db92-38d3-5f18-9f88-46a1b38d5cb7'::uuid,6,false),
('06a7a583-6035-572a-b222-616ade8d833b'::uuid,'5b421a53-052c-5280-bc1d-14fbde6c9607'::uuid,7,false),
('132deca2-17df-5101-9b53-cf3eaf90a9dd'::uuid,'8ec17f11-502a-5f23-8acf-59e81d950438'::uuid,1,true),
('132deca2-17df-5101-9b53-cf3eaf90a9dd'::uuid,'c6ebcfa8-a0b8-5918-b2d5-bd8c61e5efb1'::uuid,2,true),
('132deca2-17df-5101-9b53-cf3eaf90a9dd'::uuid,'36d04317-f21d-5f62-87df-f1225c40134d'::uuid,3,true),
('132deca2-17df-5101-9b53-cf3eaf90a9dd'::uuid,'b6beddc3-3881-5e6e-afae-ec011bce1fea'::uuid,4,false),
('b84946b2-33c3-5f50-a623-e319e599deb2'::uuid,'2637ad84-3b33-5b3b-940f-1f18a1b6d7fb'::uuid,1,true),
('b84946b2-33c3-5f50-a623-e319e599deb2'::uuid,'77869fe5-d09b-5742-ba06-0e06e073f57e'::uuid,2,true),
('b84946b2-33c3-5f50-a623-e319e599deb2'::uuid,'dbafb4bf-f2ad-5d25-b122-b41666472b9c'::uuid,3,true),
('b84946b2-33c3-5f50-a623-e319e599deb2'::uuid,'0594a3a6-ae80-5b3f-9514-fd391ac20d69'::uuid,4,false),
('b84946b2-33c3-5f50-a623-e319e599deb2'::uuid,'29054123-1d14-5437-8033-b26ca660a2f3'::uuid,5,false),
('b84946b2-33c3-5f50-a623-e319e599deb2'::uuid,'242df8db-ac6e-534a-a83c-457ba7ef148d'::uuid,6,false),
('c1d9c9ea-6a31-559e-8316-ac429ade1114'::uuid,'3d26bfda-0809-516b-81de-11c497295246'::uuid,1,true),
('c1d9c9ea-6a31-559e-8316-ac429ade1114'::uuid,'701ae029-e3fe-5b8c-8be7-4fb0242c061c'::uuid,2,true),
('c1d9c9ea-6a31-559e-8316-ac429ade1114'::uuid,'d25478ee-dd10-5688-b006-901313efbd79'::uuid,3,true),
('c1d9c9ea-6a31-559e-8316-ac429ade1114'::uuid,'07e7d028-d836-53b6-a469-51d4f487acc3'::uuid,4,false),
('c1d9c9ea-6a31-559e-8316-ac429ade1114'::uuid,'49326c18-b63b-5a61-9239-fa7eb3cbd46b'::uuid,5,false),
('c1d9c9ea-6a31-559e-8316-ac429ade1114'::uuid,'d291a892-642a-54b4-9b44-c4c29ebc03f8'::uuid,6,false),
('f86be7fe-303e-54ad-b72f-322e5f209bde'::uuid,'96921caf-2f43-5362-bdfa-a3146f897ba7'::uuid,1,true),
('f86be7fe-303e-54ad-b72f-322e5f209bde'::uuid,'f40664bf-70e0-563e-acae-58e1ce076aa1'::uuid,2,true),
('f86be7fe-303e-54ad-b72f-322e5f209bde'::uuid,'be482941-f75d-5419-80ff-631caa8e9d1a'::uuid,3,true),
('f86be7fe-303e-54ad-b72f-322e5f209bde'::uuid,'d6ea0a84-ee56-5667-b1af-1aaa6415f893'::uuid,4,false),
('f86be7fe-303e-54ad-b72f-322e5f209bde'::uuid,'c36488d5-a314-5e7b-bf2d-c31d83461b5c'::uuid,5,false),
('f86be7fe-303e-54ad-b72f-322e5f209bde'::uuid,'701ae029-e3fe-5b8c-8be7-4fb0242c061c'::uuid,6,false),
('b355ca93-77eb-5c1c-a0f3-2fc03499b281'::uuid,'db5ff309-9f3f-5379-8af0-1aa1be5c7896'::uuid,1,true),
('b355ca93-77eb-5c1c-a0f3-2fc03499b281'::uuid,'22848aa1-b7ac-5e00-a9f8-e7872118a800'::uuid,2,true),
('b355ca93-77eb-5c1c-a0f3-2fc03499b281'::uuid,'092ac164-9131-5e38-a067-411e612219a7'::uuid,3,true),
('b355ca93-77eb-5c1c-a0f3-2fc03499b281'::uuid,'07e7d028-d836-53b6-a469-51d4f487acc3'::uuid,4,false),
('2a198569-84b2-5a46-b62b-bd681894b861'::uuid,'4bc0ad4c-85af-59de-884c-c9569e6b2a91'::uuid,1,true),
('2a198569-84b2-5a46-b62b-bd681894b861'::uuid,'6a9fb9cd-dfdd-52e9-81c8-29f344c4246b'::uuid,2,true),
('2a198569-84b2-5a46-b62b-bd681894b861'::uuid,'902fca5c-a942-59a8-9e5a-30046d4e5313'::uuid,3,true),
('2a198569-84b2-5a46-b62b-bd681894b861'::uuid,'5fb5a16a-63a5-55ed-9460-f57b2e7bc6ca'::uuid,4,false),
('2a198569-84b2-5a46-b62b-bd681894b861'::uuid,'701ae029-e3fe-5b8c-8be7-4fb0242c061c'::uuid,5,false),
('e0115c87-9e2a-519c-ab0b-1f12d5ab1bf2'::uuid,'1c2bec7d-feba-5663-b7d7-171e99c94bd8'::uuid,1,true),
('e0115c87-9e2a-519c-ab0b-1f12d5ab1bf2'::uuid,'304b1451-aeaa-5d56-9fa7-041712ff20c3'::uuid,2,true),
('e0115c87-9e2a-519c-ab0b-1f12d5ab1bf2'::uuid,'ff3171e8-a59a-50e6-9086-da21ad7f7d3c'::uuid,3,true),
('e0115c87-9e2a-519c-ab0b-1f12d5ab1bf2'::uuid,'374ab48c-ba3e-547f-9b18-261111389af6'::uuid,4,false),
('e0115c87-9e2a-519c-ab0b-1f12d5ab1bf2'::uuid,'e7b1c203-7fdd-5672-b57c-558d026b2a4a'::uuid,5,false),
('e0115c87-9e2a-519c-ab0b-1f12d5ab1bf2'::uuid,'f9c4c70d-fb97-5138-ac81-b47f432b321d'::uuid,6,false),
('e0115c87-9e2a-519c-ab0b-1f12d5ab1bf2'::uuid,'de6c9390-22da-5295-ba3c-8dd020c0d275'::uuid,7,false),
('e0115c87-9e2a-519c-ab0b-1f12d5ab1bf2'::uuid,'d6970509-c85d-5454-8fa5-b7da800c1bab'::uuid,8,false),
('e0115c87-9e2a-519c-ab0b-1f12d5ab1bf2'::uuid,'cbf5413f-45f8-5690-bcfe-1a56f3d8867b'::uuid,9,false),
('96a337d4-4ae1-55d9-8064-e94fafc65407'::uuid,'bafba33f-fadc-53a3-8cf8-37be8f104624'::uuid,1,true),
('96a337d4-4ae1-55d9-8064-e94fafc65407'::uuid,'ef0119e0-b454-5ca3-9083-c198e273a44f'::uuid,2,true),
('96a337d4-4ae1-55d9-8064-e94fafc65407'::uuid,'bc2c246c-0dd6-593a-8da8-5ccf73366114'::uuid,3,true),
('96a337d4-4ae1-55d9-8064-e94fafc65407'::uuid,'3449127f-5d9b-5685-8095-e0edca3dcb51'::uuid,4,false),
('96a337d4-4ae1-55d9-8064-e94fafc65407'::uuid,'e059c24d-1ce8-566c-b17d-0d2c258f5fa5'::uuid,5,false),
('96a337d4-4ae1-55d9-8064-e94fafc65407'::uuid,'b01bc1b3-6b10-554e-9a95-561c2daa99b4'::uuid,6,false),
('9cc45b99-4dd5-5a03-970c-914c0f0b2626'::uuid,'f47be42f-77a7-5267-a81e-40e4f84d4417'::uuid,1,true),
('9cc45b99-4dd5-5a03-970c-914c0f0b2626'::uuid,'338213c7-65c5-524e-a431-4258cdd840af'::uuid,2,true),
('9cc45b99-4dd5-5a03-970c-914c0f0b2626'::uuid,'e514929a-e664-59a1-8589-69b749d6ae51'::uuid,3,true),
('9cc45b99-4dd5-5a03-970c-914c0f0b2626'::uuid,'f5364977-aa20-53e6-92b2-3dc4e77496da'::uuid,4,false),
('9cc45b99-4dd5-5a03-970c-914c0f0b2626'::uuid,'cad7f2bd-75d8-5018-a5d4-b6fad2c41abc'::uuid,5,false),
('9cc45b99-4dd5-5a03-970c-914c0f0b2626'::uuid,'63de40ab-6f2c-574b-8234-06c732eb0a21'::uuid,6,false),
('9cc45b99-4dd5-5a03-970c-914c0f0b2626'::uuid,'fe98510a-5785-5ffc-91b5-b512422d7ab9'::uuid,7,false),
('9cc45b99-4dd5-5a03-970c-914c0f0b2626'::uuid,'5148c415-6e85-5f2a-8cdc-a5b9943f44de'::uuid,8,false),
('86f8e2c1-d507-5ea4-a7cd-184ca03c1c8b'::uuid,'db5ff309-9f3f-5379-8af0-1aa1be5c7896'::uuid,1,true),
('86f8e2c1-d507-5ea4-a7cd-184ca03c1c8b'::uuid,'22848aa1-b7ac-5e00-a9f8-e7872118a800'::uuid,2,true),
('86f8e2c1-d507-5ea4-a7cd-184ca03c1c8b'::uuid,'092ac164-9131-5e38-a067-411e612219a7'::uuid,3,true),
('86f8e2c1-d507-5ea4-a7cd-184ca03c1c8b'::uuid,'1c2bec7d-feba-5663-b7d7-171e99c94bd8'::uuid,4,false),
('86f8e2c1-d507-5ea4-a7cd-184ca03c1c8b'::uuid,'4bc0ad4c-85af-59de-884c-c9569e6b2a91'::uuid,5,false),
('86f8e2c1-d507-5ea4-a7cd-184ca03c1c8b'::uuid,'c36488d5-a314-5e7b-bf2d-c31d83461b5c'::uuid,6,false),
('b35a5da6-b714-5840-9dc2-28e5165d8494'::uuid,'6d4ec116-b0dd-50f4-9b65-e77af10146ca'::uuid,1,true),
('b35a5da6-b714-5840-9dc2-28e5165d8494'::uuid,'7dda3e10-a0cf-5ef7-a594-cdc716feea9b'::uuid,2,true),
('b35a5da6-b714-5840-9dc2-28e5165d8494'::uuid,'10a29bde-bace-5d55-b9d0-420fa7e98d72'::uuid,3,true),
('b35a5da6-b714-5840-9dc2-28e5165d8494'::uuid,'2cc02681-8b03-5bef-be80-540ef2ddad96'::uuid,4,false),
('b35a5da6-b714-5840-9dc2-28e5165d8494'::uuid,'15ea08cc-46b8-5ba3-a1d9-86a16ae66d47'::uuid,5,false),
('b35a5da6-b714-5840-9dc2-28e5165d8494'::uuid,'fdf6229d-4102-578f-b6bb-3ffa641f1acf'::uuid,6,false),
('b35a5da6-b714-5840-9dc2-28e5165d8494'::uuid,'9ff1f889-c8e8-5a0c-a9d8-be1283c64db6'::uuid,7,false),
('b35a5da6-b714-5840-9dc2-28e5165d8494'::uuid,'d8acc327-2237-5083-ba17-976980cf6fc9'::uuid,8,false),
('b35a5da6-b714-5840-9dc2-28e5165d8494'::uuid,'07d7461a-15ed-5249-be55-0db79c06f212'::uuid,9,false),
('b35a5da6-b714-5840-9dc2-28e5165d8494'::uuid,'99d9fe43-1bd6-56ba-b771-9e70b536ea21'::uuid,10,false),
('b35a5da6-b714-5840-9dc2-28e5165d8494'::uuid,'5fb5a16a-63a5-55ed-9460-f57b2e7bc6ca'::uuid,11,false),
('8ca1285b-8eff-5c37-b484-19439109daa5'::uuid,'4991db92-38d3-5f18-9f88-46a1b38d5cb7'::uuid,1,true),
('8ca1285b-8eff-5c37-b484-19439109daa5'::uuid,'5b421a53-052c-5280-bc1d-14fbde6c9607'::uuid,2,true),
('8ca1285b-8eff-5c37-b484-19439109daa5'::uuid,'d247c9b0-9c5f-5319-9835-6d7395eb42b0'::uuid,3,true),
('8ca1285b-8eff-5c37-b484-19439109daa5'::uuid,'d291a892-642a-54b4-9b44-c4c29ebc03f8'::uuid,4,false),
('8ca1285b-8eff-5c37-b484-19439109daa5'::uuid,'8be21915-fd6d-5fed-b55c-f455bc7bbe11'::uuid,5,false),
('8ca1285b-8eff-5c37-b484-19439109daa5'::uuid,'07d7461a-15ed-5249-be55-0db79c06f212'::uuid,6,false),
('8ca1285b-8eff-5c37-b484-19439109daa5'::uuid,'8ec17f11-502a-5f23-8acf-59e81d950438'::uuid,7,false),
('8ca1285b-8eff-5c37-b484-19439109daa5'::uuid,'acf9d7b7-39b1-541d-9ff9-a362f27973db'::uuid,8,false),
('df197cc3-c3aa-5e41-b63f-eeaa50f9de68'::uuid,'99d9fe43-1bd6-56ba-b771-9e70b536ea21'::uuid,1,true),
('df197cc3-c3aa-5e41-b63f-eeaa50f9de68'::uuid,'330bb51c-9c93-5e52-960b-b06a92c37c7e'::uuid,2,true),
('df197cc3-c3aa-5e41-b63f-eeaa50f9de68'::uuid,'3bb34889-0a83-5068-9029-031329c8e9fa'::uuid,3,true),
('df197cc3-c3aa-5e41-b63f-eeaa50f9de68'::uuid,'45165c8d-d0df-5679-a89d-af330ab98227'::uuid,4,false),
('df197cc3-c3aa-5e41-b63f-eeaa50f9de68'::uuid,'6d4ec116-b0dd-50f4-9b65-e77af10146ca'::uuid,5,false),
('df197cc3-c3aa-5e41-b63f-eeaa50f9de68'::uuid,'50eaf915-68ff-5c3c-baa3-1388eefebe7f'::uuid,6,false),
('df197cc3-c3aa-5e41-b63f-eeaa50f9de68'::uuid,'0dd7a80b-9ffd-5cac-81fc-82b537bab305'::uuid,7,false),
('2e1818f6-da89-5207-9cab-33fe145df79b'::uuid,'d7b5c844-4cf0-59e6-ba8c-e384bb8cf654'::uuid,1,true),
('2e1818f6-da89-5207-9cab-33fe145df79b'::uuid,'9361d6a0-5460-5129-a404-0e24c0eb2bb8'::uuid,2,true),
('2e1818f6-da89-5207-9cab-33fe145df79b'::uuid,'b78f973e-d597-5ae9-ab47-b613f9d8be99'::uuid,3,true),
('2e1818f6-da89-5207-9cab-33fe145df79b'::uuid,'30b13609-153a-5d62-93dc-fd4dc4e04221'::uuid,4,false),
('2e1818f6-da89-5207-9cab-33fe145df79b'::uuid,'701248d4-b6ea-5c6a-80ff-16cbd139fc80'::uuid,5,false),
('2e1818f6-da89-5207-9cab-33fe145df79b'::uuid,'3da08b5a-6955-540e-a0e5-3f8e953b207b'::uuid,6,false),
('2e1818f6-da89-5207-9cab-33fe145df79b'::uuid,'561f2c42-e0a6-5f91-8071-8701329321d5'::uuid,7,false),
('2e1818f6-da89-5207-9cab-33fe145df79b'::uuid,'41e68c2b-6009-52c1-beb4-55f908e87f8f'::uuid,8,false),
('2e1818f6-da89-5207-9cab-33fe145df79b'::uuid,'702d593b-39c7-51ee-9d13-d4151552ff99'::uuid,9,false),
('2e1818f6-da89-5207-9cab-33fe145df79b'::uuid,'c32a1784-45c8-5bf4-8b1d-f36fb723209c'::uuid,10,false),
('2e1818f6-da89-5207-9cab-33fe145df79b'::uuid,'e059c24d-1ce8-566c-b17d-0d2c258f5fa5'::uuid,11,false);
if(select count(*) from public.universes where is_active)<>7 or(select count(*) from public.categories where is_active)<>30 then raise exception 'taxonomy_count_invalid';end if;if exists(select 1 from public.questions)or exists(select 1 from public.votes)or exists(select 1 from public.comments)then raise exception 'editorial_data_not_empty';end if;if(select count(*) from public.profiles)<>profiles_before or(select count(*) from auth.users)<>auth_before then raise exception 'identity_count_changed';end if;if(select jsonb_object_agg(role,total)from(select role::text role,count(*)total from public.profiles group by role)x)is distinct from roles_before then raise exception 'role_count_changed';end if;end $$;
alter table public.categories alter column universe_id set not null,alter column icon_key set not null,add constraint categories_universe_display_order_key unique(universe_id,display_order);
alter table public.tags alter column slug set not null,alter column sensitivity set not null,add constraint tags_slug_key unique(slug),add constraint tags_slug_format check(slug~'^[a-z0-9-]+$');
create function public.enforce_controlled_tag_insert()returns trigger language plpgsql security definer set search_path='' as $$begin if auth.role()<>'service_role' and not exists(select 1 from public.tags where normalized_name=new.normalized_name and is_active)then raise exception 'tag_not_allowed' using errcode='P0001';end if;return new;end$$;
create trigger tags_controlled_insert before insert on public.tags for each row execute function public.enforce_controlled_tag_insert();
create function public.enforce_category_tag_assignment()returns trigger language plpgsql security definer set search_path='' as $$begin if not exists(select 1 from public.questions q join public.category_tags ct on ct.category_id=q.category_id and ct.tag_id=new.tag_id join public.tags t on t.id=ct.tag_id and t.is_active where q.id=new.question_id)then raise exception 'tag_not_allowed_for_category' using errcode='P0001';end if;return new;end$$;
create trigger question_tags_controlled before insert or update on public.question_tags for each row execute function public.enforce_category_tag_assignment();
alter table public.universes enable row level security;alter table public.category_tags enable row level security;
create policy universes_select_active on public.universes for select to authenticated using(is_active and public.is_active_user());create policy category_tags_select_active on public.category_tags for select to authenticated using(public.is_active_user() and exists(select 1 from public.categories c join public.tags t on t.id=tag_id where c.id=category_id and c.is_active and t.is_active));
revoke all on public.universes,public.category_tags from anon,authenticated;grant select on public.universes,public.category_tags to authenticated;